input_file, Card, PC, PCSA, HLL, KMV, MC, RC
datasets/crusoe.txt, 6245, 5295, 5295, 6002, 7727, 7796, 5290
datasets/crusoe.txt, 6245, 10590, 5998, 4419, 4963, 4934, 4974
datasets/crusoe.txt, 6245, 5295, 6826, 8877, 6101, 5548, 7653
datasets/crusoe.txt, 6245, 5295, 4923, 6565, 9171, 10007, 8656
datasets/crusoe.txt, 6245, 10590, 6122, 4839, 6022, 5616, 6978
datasets/crusoe.txt, 6245, 5295, 6701, 5029, 6280, 6933, 5626
datasets/crusoe.txt, 6245, 21181, 5626, 5284, 6494, 6864, 7653
datasets/crusoe.txt, 6245, 5295, 6991, 5858, 4976, 4872, 5626
datasets/crusoe.txt, 6245, 2647, 6826, 7457, 5938, 6124, 5802
datasets/crusoe.txt, 6245, 5295, 6701, 5049, 5113, 4756, 4823
datasets/crusoe.txt, 6245, 10590, 4633, 5178, 7855, 6007, 7653
datasets/crusoe.txt, 6245, 10590, 6701, 7662, 5329, 5787, 9206
datasets/crusoe.txt, 6245, 1323, 7156, 6314, 7097, 6815, 7893
datasets/crusoe.txt, 6245, 5295, 5295, 4780, 5742, 5367, 5802
datasets/crusoe.txt, 6245, 10590, 6991, 8358, 5553, 6233, 2376
datasets/crusoe.txt, 6245, 10590, 5750, 5459, 5829, 5855, 5626
datasets/crusoe.txt, 6245, 5295, 5295, 6595, 7417, 7775, 8139
datasets/crusoe.txt, 6245, 21181, 6122, 7853, 8514, 6366, 9493
datasets/crusoe.txt, 6245, 10590, 5998, 6318, 4955, 5239, 5455
datasets/crusoe.txt, 6245, 10590, 5502, 7690, 8117, 8915, 5130
datasets/crusoe.txt, 6245, 10590, 6412, 5349, 7949, 6573, 10737
datasets/crusoe.txt, 6245, 5295, 7818, 5687, 5681, 6519, 3438
datasets/crusoe.txt, 6245, 1323, 6991, 6503, 6651, 6974, 3770
datasets/crusoe.txt, 6245, 21181, 7487, 6068, 5760, 5045, 10737
datasets/crusoe.txt, 6245, 5295, 5502, 5587, 6035, 6817, 5455
datasets/crusoe.txt, 6245, 5295, 5750, 5257, 6263, 6725, 8927
datasets/crusoe.txt, 6245, 2647, 7487, 4640, 7752, 6923, 8139
datasets/crusoe.txt, 6245, 10590, 5502, 4621, 4941, 7684, 5626
datasets/crusoe.txt, 6245, 10590, 4509, 5369, 6945, 6643, 5626
datasets/crusoe.txt, 6245, 5295, 6412, 6830, 5238, 6727, 7421
datasets/crusoe.txt, 6245, 5295, 7156, 5411, 5187, 5091, 8927
datasets/crusoe.txt, 6245, 42362, 7156, 6308, 5451, 4247, 3438
datasets/crusoe.txt, 6245, 10590, 6991, 7336, 5894, 7144, 10411
datasets/crusoe.txt, 6245, 1323, 6536, 5296, 6124, 6583, 4264
datasets/crusoe.txt, 6245, 2647, 6991, 5310, 6683, 6707, 10096
datasets/crusoe.txt, 6245, 10590, 7322, 7417, 8106, 7327, 7421
datasets/crusoe.txt, 6245, 2647, 6288, 5393, 8628, 8297, 6978
datasets/crusoe.txt, 6245, 5295, 5874, 6797, 5411, 5233, 4974
datasets/crusoe.txt, 6245, 10590, 5502, 4172, 5297, 5881, 5130
datasets/crusoe.txt, 6245, 10590, 5874, 5852, 5355, 5207, 6170
datasets/crusoe.txt, 6245, 2647, 4633, 4438, 4509, 4776, 7421
datasets/crusoe.txt, 6245, 10590, 7156, 8234, 6063, 7196, 3770
datasets/crusoe.txt, 6245, 5295, 5626, 4100, 5585, 6301, 3656
datasets/crusoe.txt, 6245, 10590, 6826, 5201, 5310, 6658, 2771
datasets/crusoe.txt, 6245, 5295, 8315, 6128, 7339, 6129, 4677
datasets/crusoe.txt, 6245, 21181, 7156, 6170, 4377, 4692, 8656
datasets/crusoe.txt, 6245, 10590, 6288, 10688, 5550, 6036, 5455
datasets/crusoe.txt, 6245, 5295, 5750, 5296, 6756, 8091, 3656
datasets/crusoe.txt, 6245, 5295, 6412, 4043, 6780, 8027, 3233
datasets/crusoe.txt, 6245, 21181, 6288, 6320, 4787, 4737, 3438
datasets/crusoe.txt, 6245, 5295, 5874, 7010, 7818, 6956, 4823
datasets/crusoe.txt, 6245, 2647, 4633, 4834, 7425, 6681, 4135
datasets/crusoe.txt, 6245, 2647, 6412, 5905, 6326, 6891, 4974
datasets/crusoe.txt, 6245, 10590, 6826, 7563, 8232, 5910, 5130
datasets/crusoe.txt, 6245, 5295, 6536, 7631, 5987, 7392, 10737
datasets/crusoe.txt, 6245, 1323, 5626, 5858, 4565, 4832, 5455
datasets/crusoe.txt, 6245, 5295, 7818, 5709, 6087, 7145, 3770
datasets/crusoe.txt, 6245, 10590, 5874, 3945, 5181, 4439, 5290
datasets/crusoe.txt, 6245, 10590, 6991, 5359, 7734, 7359, 8394
datasets/crusoe.txt, 6245, 5295, 7612, 7476, 5787, 6371, 6978
datasets/crusoe.txt, 6245, 10590, 6412, 5562, 7304, 10652, 5983
datasets/crusoe.txt, 6245, 10590, 8315, 4741, 5989, 4373, 3135
datasets/crusoe.txt, 6245, 5295, 7487, 5962, 5863, 6452, 5983
datasets/crusoe.txt, 6245, 21181, 5750, 4842, 7724, 7993, 5455
datasets/crusoe.txt, 6245, 10590, 6991, 5605, 5597, 7075, 3039
datasets/crusoe.txt, 6245, 21181, 5998, 6989, 6830, 6565, 6170
datasets/crusoe.txt, 6245, 21181, 6536, 8148, 5348, 6606, 6170
datasets/crusoe.txt, 6245, 2647, 6991, 7016, 6159, 6333, 6170
datasets/crusoe.txt, 6245, 10590, 6122, 5923, 7103, 6176, 5455
datasets/crusoe.txt, 6245, 21181, 6826, 4235, 6710, 6315, 3770
datasets/crusoe.txt, 6245, 5295, 5998, 5291, 5986, 6693, 8394
datasets/crusoe.txt, 6245, 10590, 6536, 4976, 6032, 7132, 3135
datasets/crusoe.txt, 6245, 10590, 5626, 5044, 6798, 8244, 2450
datasets/crusoe.txt, 6245, 5295, 8522, 7363, 7296, 6849, 10737
datasets/crusoe.txt, 6245, 10590, 6701, 5248, 7395, 6597, 6170
datasets/crusoe.txt, 6245, 2647, 5378, 4080, 4781, 5745, 8139
datasets/crusoe.txt, 6245, 42362, 6288, 7046, 4990, 5835, 5802
datasets/crusoe.txt, 6245, 2647, 4840, 5105, 5855, 6211, 3233
datasets/crusoe.txt, 6245, 5295, 6288, 5049, 6568, 6448, 5455
datasets/crusoe.txt, 6245, 2647, 6826, 4337, 4921, 4717, 6978
datasets/crusoe.txt, 6245, 2647, 6701, 6705, 5741, 5618, 6767
datasets/crusoe.txt, 6245, 5295, 5874, 6891, 6050, 5065, 3888
datasets/crusoe.txt, 6245, 5295, 5998, 7084, 6710, 7804, 7421
datasets/crusoe.txt, 6245, 10590, 6288, 6516, 7286, 6985, 4677
datasets/crusoe.txt, 6245, 5295, 6826, 5786, 6382, 5281, 13734
datasets/crusoe.txt, 6245, 10590, 6991, 7582, 6451, 7322, 5130
datasets/crusoe.txt, 6245, 5295, 8315, 7125, 5663, 5628, 7893
datasets/crusoe.txt, 6245, 5295, 6991, 7218, 5394, 5997, 6978
datasets/crusoe.txt, 6245, 5295, 4923, 4123, 5066, 5547, 3770
datasets/crusoe.txt, 6245, 1323, 6826, 4419, 4759, 4798, 4974
datasets/crusoe.txt, 6245, 42362, 6991, 6218, 5663, 6747, 6170
datasets/crusoe.txt, 6245, 2647, 6536, 5626, 4245, 5247, 3334
datasets/crusoe.txt, 6245, 2647, 7156, 5073, 6478, 6292, 3545
datasets/crusoe.txt, 6245, 2647, 5171, 5618, 6114, 5528, 5290
datasets/crusoe.txt, 6245, 5295, 8315, 9841, 4271, 4873, 7653
datasets/crusoe.txt, 6245, 2647, 6122, 5413, 6623, 6018, 6363
datasets/crusoe.txt, 6245, 10590, 5626, 6846, 7232, 7439, 3039
datasets/crusoe.txt, 6245, 10590, 5171, 6767, 5246, 5825, 11775
datasets/crusoe.txt, 6245, 2647, 5295, 6567, 5868, 5416, 8927
datasets/crusoe.txt, 6245, 21181, 6122, 7775, 7148, 6923, 5130
datasets/dracula.txt, 9425, 5295, 9473, 9043, 8968, 9255, 8927
datasets/dracula.txt, 9425, 5295, 8894, 8467, 10425, 12186, 8656
datasets/dracula.txt, 9425, 5295, 7984, 9648, 11175, 11250, 6562
datasets/dracula.txt, 9425, 5295, 8894, 6644, 10878, 8034, 5983
datasets/dracula.txt, 9425, 5295, 8894, 8008, 9186, 9162, 9790
datasets/dracula.txt, 9425, 10590, 12038, 8926, 8336, 10148, 9493
datasets/dracula.txt, 9425, 10590, 7984, 10457, 6877, 8073, 20490
datasets/dracula.txt, 9425, 42362, 7818, 9012, 11417, 10636, 10411
datasets/dracula.txt, 9425, 42362, 10590, 12553, 9540, 6571, 16019
datasets/dracula.txt, 9425, 2647, 7322, 8120, 7271, 7355, 8394
datasets/dracula.txt, 9425, 10590, 11790, 9205, 8074, 9602, 9790
datasets/dracula.txt, 9425, 10590, 10797, 11908, 11920, 11493, 7196
datasets/dracula.txt, 9425, 21181, 8149, 9029, 8099, 7171, 8927
datasets/dracula.txt, 9425, 10590, 8149, 9121, 12832, 8829, 6767
datasets/dracula.txt, 9425, 10590, 9266, 8832, 7512, 8979, 5802
datasets/dracula.txt, 9425, 5295, 9680, 9280, 7729, 7350, 6767
datasets/dracula.txt, 9425, 21181, 9680, 8297, 7073, 7880, 11775
datasets/dracula.txt, 9425, 10590, 8315, 9855, 7249, 8227, 7196
datasets/dracula.txt, 9425, 10590, 9680, 10311, 8298, 7913, 16019
datasets/dracula.txt, 9425, 5295, 10135, 7590, 8476, 8992, 8656
datasets/dracula.txt, 9425, 21181, 8522, 9043, 11043, 11637, 4677
datasets/dracula.txt, 9425, 10590, 8315, 8633, 8380, 8506, 8656
datasets/dracula.txt, 9425, 21181, 9266, 7698, 11696, 8965, 9493
datasets/dracula.txt, 9425, 10590, 10135, 9092, 9064, 8470, 10737
datasets/dracula.txt, 9425, 5295, 9680, 9977, 7997, 8455, 7196
datasets/dracula.txt, 9425, 5295, 8894, 13581, 8695, 10821, 9206
datasets/dracula.txt, 9425, 21181, 9266, 7598, 5443, 6734, 12143
datasets/dracula.txt, 9425, 10590, 9266, 9522, 9749, 9267, 12143
datasets/dracula.txt, 9425, 5295, 8687, 7432, 11285, 12153, 14163
datasets/dracula.txt, 9425, 10590, 7818, 9712, 10417, 9733, 13734
datasets/dracula.txt, 9425, 21181, 9059, 10141, 9294, 11812, 13318
datasets/dracula.txt, 9425, 5295, 8522, 8510, 10562, 10037, 4264
datasets/dracula.txt, 9425, 21181, 13114, 11920, 7821, 7830, 8927
datasets/dracula.txt, 9425, 10590, 8894, 7544, 6779, 6711, 10411
datasets/dracula.txt, 9425, 10590, 6826, 6843, 9119, 10268, 6170
datasets/dracula.txt, 9425, 10590, 8687, 7317, 11852, 13315, 9493
datasets/dracula.txt, 9425, 10590, 11542, 9430, 9059, 9526, 6562
datasets/dracula.txt, 9425, 21181, 9266, 8681, 7672, 7786, 4823
datasets/dracula.txt, 9425, 5295, 11293, 14295, 13136, 13501, 4974
datasets/dracula.txt, 9425, 10590, 9473, 7019, 9021, 7445, 8139
datasets/dracula.txt, 9425, 21181, 7984, 10089, 9015, 9606, 4535
datasets/dracula.txt, 9425, 42362, 8894, 6691, 7529, 7699, 6767
datasets/dracula.txt, 9425, 5295, 9266, 11503, 8041, 8867, 7653
datasets/dracula.txt, 9425, 5295, 8315, 7231, 10487, 9013, 16019
datasets/dracula.txt, 9425, 42362, 8149, 10298, 11025, 11928, 4264
datasets/dracula.txt, 9425, 2647, 9473, 8339, 10089, 9892, 5455
datasets/dracula.txt, 9425, 2647, 9059, 10669, 13588, 8313, 7196
datasets/dracula.txt, 9425, 5295, 8315, 8522, 9727, 9818, 7653
datasets/dracula.txt, 9425, 21181, 9473, 10078, 10249, 11147, 12914
datasets/dracula.txt, 9425, 10590, 8894, 10046, 10241, 8233, 4264
datasets/dracula.txt, 9425, 10590, 9473, 8086, 7082, 8860, 6562
datasets/dracula.txt, 9425, 10590, 9266, 8086, 9978, 10222, 8656
datasets/dracula.txt, 9425, 10590, 11293, 10394, 9058, 11194, 5130
datasets/dracula.txt, 9425, 42362, 9887, 8307, 6878, 7085, 8139
datasets/dracula.txt, 9425, 2647, 8687, 8529, 11001, 10894, 10737
datasets/dracula.txt, 9425, 42362, 9887, 8703, 8823, 8836, 9206
datasets/dracula.txt, 9425, 21181, 10342, 19912, 8573, 8011, 11072
datasets/dracula.txt, 9425, 10590, 9473, 7662, 7929, 8272, 5983
datasets/dracula.txt, 9425, 5295, 10797, 9491, 8893, 8828, 8394
datasets/dracula.txt, 9425, 5295, 9680, 9612, 13907, 12544, 6767
datasets/dracula.txt, 9425, 10590, 9059, 10403, 7324, 8887, 10737
datasets/dracula.txt, 9425, 21181, 8522, 7152, 9808, 9293, 6978
datasets/dracula.txt, 9425, 21181, 9473, 9851, 9523, 9200, 3888
datasets/dracula.txt, 9425, 42362, 6536, 10120, 9599, 9783, 8394
datasets/dracula.txt, 9425, 2647, 9680, 12247, 8345, 10581, 11072
datasets/dracula.txt, 9425, 42362, 9266, 8379, 10840, 10514, 8656
datasets/dracula.txt, 9425, 10590, 8149, 7848, 9407, 9086, 11072
datasets/dracula.txt, 9425, 42362, 8149, 7585, 10083, 13379, 7653
datasets/dracula.txt, 9425, 5295, 10342, 10106, 6859, 6376, 10737
datasets/dracula.txt, 9425, 10590, 9887, 9971, 10881, 11162, 11775
datasets/dracula.txt, 9425, 2647, 11045, 6915, 13164, 11589, 8656
datasets/dracula.txt, 9425, 21181, 11293, 6529, 7291, 6960, 9790
datasets/dracula.txt, 9425, 10590, 8522, 9089, 9472, 13464, 10411
datasets/dracula.txt, 9425, 5295, 8687, 12180, 11890, 12940, 5290
datasets/dracula.txt, 9425, 21181, 10590, 10300, 6949, 6084, 7653
datasets/dracula.txt, 9425, 21181, 9680, 13243, 9458, 10380, 7196
datasets/dracula.txt, 9425, 2647, 9887, 8792, 10636, 12441, 6170
datasets/dracula.txt, 9425, 10590, 10135, 8258, 5951, 6906, 7893
datasets/dracula.txt, 9425, 5295, 11293, 8140, 9629, 11312, 8656
datasets/dracula.txt, 9425, 5295, 8522, 9244, 8652, 12136, 7893
datasets/dracula.txt, 9425, 10590, 9266, 10990, 10317, 9987, 8394
datasets/dracula.txt, 9425, 84725, 11045, 9682, 6474, 7578, 4974
datasets/dracula.txt, 9425, 10590, 9473, 8870, 7964, 8140, 6170
datasets/dracula.txt, 9425, 10590, 8894, 7561, 9340, 9153, 14163
datasets/dracula.txt, 9425, 5295, 9266, 8370, 11135, 11545, 8394
datasets/dracula.txt, 9425, 84725, 7487, 9540, 10744, 8014, 7196
datasets/dracula.txt, 9425, 42362, 8894, 8885, 8208, 8811, 7893
datasets/dracula.txt, 9425, 5295, 8315, 8047, 8301, 9282, 10737
datasets/dracula.txt, 9425, 10590, 10342, 9192, 8319, 8751, 5455
datasets/dracula.txt, 9425, 10590, 8687, 7953, 8384, 10740, 6170
datasets/dracula.txt, 9425, 10590, 12286, 14038, 9023, 9775, 14163
datasets/dracula.txt, 9425, 21181, 9059, 9178, 12697, 8800, 15533
datasets/dracula.txt, 9425, 5295, 13114, 10478, 12378, 11042, 15063
datasets/dracula.txt, 9425, 5295, 9887, 10777, 13484, 12384, 8394
datasets/dracula.txt, 9425, 10590, 9680, 9728, 8980, 10094, 11775
datasets/dracula.txt, 9425, 5295, 10590, 7299, 8667, 9838, 9493
datasets/dracula.txt, 9425, 2647, 8687, 7971, 9085, 9104, 6170
datasets/dracula.txt, 9425, 5295, 9266, 9222, 9269, 11149, 11775
datasets/dracula.txt, 9425, 21181, 10342, 12103, 9935, 11301, 16019
datasets/dracula.txt, 9425, 21181, 9473, 10412, 9302, 10427, 6767
datasets/iliad.txt, 8925, 10590, 8522, 8072, 8581, 9486, 14163
datasets/iliad.txt, 8925, 5295, 9680, 9251, 10380, 11008, 9790
datasets/iliad.txt, 8925, 10590, 10135, 7382, 12676, 12685, 6170
datasets/iliad.txt, 8925, 21181, 8315, 8081, 7071, 7169, 8656
datasets/iliad.txt, 8925, 5295, 9059, 7112, 10035, 7983, 6363
datasets/iliad.txt, 8925, 5295, 8894, 6525, 6921, 6768, 6170
datasets/iliad.txt, 8925, 2647, 8687, 7023, 6222, 6466, 6767
datasets/iliad.txt, 8925, 21181, 7818, 7587, 9290, 10569, 6562
datasets/iliad.txt, 8925, 10590, 8687, 9680, 10510, 9706, 18683
datasets/iliad.txt, 8925, 2647, 7322, 7245, 8569, 7874, 10411
datasets/iliad.txt, 8925, 5295, 8315, 9251, 6907, 7955, 11072
datasets/iliad.txt, 8925, 10590, 6826, 6404, 10038, 9912, 7893
datasets/iliad.txt, 8925, 2647, 8522, 11073, 9144, 9091, 10411
datasets/iliad.txt, 8925, 21181, 11293, 9317, 7379, 9796, 12523
datasets/iliad.txt, 8925, 2647, 8149, 9164, 10311, 9571, 3438
datasets/iliad.txt, 8925, 5295, 6536, 6344, 9694, 7359, 5455
datasets/iliad.txt, 8925, 10590, 9680, 7139, 9266, 8320, 9790
datasets/iliad.txt, 8925, 10590, 8522, 9711, 9147, 10367, 7893
datasets/iliad.txt, 8925, 42362, 9059, 8278, 8167, 7222, 10096
datasets/iliad.txt, 8925, 5295, 12286, 13135, 6543, 6584, 17568
datasets/iliad.txt, 8925, 5295, 8894, 7130, 7789, 7485, 5983
datasets/iliad.txt, 8925, 21181, 8894, 9742, 8589, 9302, 6363
datasets/iliad.txt, 8925, 5295, 9473, 11447, 8146, 8876, 13318
datasets/iliad.txt, 8925, 21181, 10342, 10544, 6766, 5626, 14163
datasets/iliad.txt, 8925, 5295, 6991, 6540, 7117, 7718, 7421
datasets/iliad.txt, 8925, 21181, 6122, 4882, 10577, 12718, 4823
datasets/iliad.txt, 8925, 21181, 9266, 8170, 9712, 8462, 13734
datasets/iliad.txt, 8925, 21181, 8894, 9986, 6969, 9304, 9493
datasets/iliad.txt, 8925, 2647, 9887, 9339, 6799, 8725, 9790
datasets/iliad.txt, 8925, 42362, 9887, 8902, 8632, 8329, 9206
datasets/iliad.txt, 8925, 10590, 11293, 8898, 8220, 7687, 7196
datasets/iliad.txt, 8925, 2647, 8522, 8106, 10228, 6536, 5455
datasets/iliad.txt, 8925, 21181, 10135, 9057, 6979, 6753, 4974
datasets/iliad.txt, 8925, 10590, 8522, 8991, 8963, 9859, 8656
datasets/iliad.txt, 8925, 10590, 8894, 10045, 9177, 8817, 9206
datasets/iliad.txt, 8925, 5295, 10797, 7727, 7894, 7804, 9790
datasets/iliad.txt, 8925, 2647, 9266, 7491, 8184, 8265, 7421
datasets/iliad.txt, 8925, 2647, 7612, 7491, 9324, 9708, 5802
datasets/iliad.txt, 8925, 10590, 7612, 8412, 13428, 12264, 10096
datasets/iliad.txt, 8925, 2647, 10342, 6705, 8045, 9303, 16019
datasets/iliad.txt, 8925, 5295, 10135, 11623, 8546, 9902, 5802
datasets/iliad.txt, 8925, 10590, 12866, 10650, 7819, 8848, 5802
datasets/iliad.txt, 8925, 10590, 10342, 8109, 10546, 11103, 8394
datasets/iliad.txt, 8925, 10590, 8315, 8649, 9237, 8437, 8139
datasets/iliad.txt, 8925, 10590, 8894, 8387, 6130, 6402, 16019
datasets/iliad.txt, 8925, 21181, 8149, 8879, 7957, 8174, 7196
datasets/iliad.txt, 8925, 21181, 9266, 11520, 10341, 11229, 8394
datasets/iliad.txt, 8925, 2647, 10797, 9779, 10505, 8515, 8394
datasets/iliad.txt, 8925, 2647, 8315, 8199, 10733, 11731, 13734
datasets/iliad.txt, 8925, 21181, 9059, 9407, 9045, 7592, 8139
datasets/iliad.txt, 8925, 10590, 8149, 8845, 8895, 8013, 10096
datasets/iliad.txt, 8925, 10590, 9059, 12493, 6780, 8623, 8927
datasets/iliad.txt, 8925, 21181, 8687, 7647, 7657, 7265, 5983
datasets/iliad.txt, 8925, 2647, 12576, 8151, 7782, 8532, 8394
datasets/iliad.txt, 8925, 10590, 11790, 9487, 7734, 7745, 8139
datasets/iliad.txt, 8925, 10590, 8687, 9280, 7652, 8450, 5290
datasets/iliad.txt, 8925, 2647, 8315, 9070, 12201, 8584, 7196
datasets/iliad.txt, 8925, 5295, 10590, 8818, 10135, 8369, 8394
datasets/iliad.txt, 8925, 84725, 8894, 12838, 6378, 7281, 7893
datasets/iliad.txt, 8925, 10590, 7984, 8109, 11451, 7566, 10096
datasets/iliad.txt, 8925, 5295, 10342, 9828, 8229, 8358, 8927
datasets/iliad.txt, 8925, 5295, 8687, 10316, 7941, 9160, 6562
datasets/iliad.txt, 8925, 2647, 7487, 7512, 7394, 8790, 7893
datasets/iliad.txt, 8925, 2647, 8315, 9468, 9771, 8554, 9790
datasets/iliad.txt, 8925, 10590, 11293, 12628, 7171, 7099, 8394
datasets/iliad.txt, 8925, 21181, 7984, 7205, 7746, 7129, 5455
datasets/iliad.txt, 8925, 10590, 10342, 11216, 9232, 8809, 6767
datasets/iliad.txt, 8925, 10590, 10342, 15181, 7552, 7985, 13318
datasets/iliad.txt, 8925, 10590, 7984, 9150, 8605, 9055, 10411
datasets/iliad.txt, 8925, 10590, 9266, 11353, 6971, 7825, 9493
datasets/iliad.txt, 8925, 10590, 7818, 8662, 8661, 9643, 12143
datasets/iliad.txt, 8925, 1323, 7818, 7191, 8619, 8304, 7196
datasets/iliad.txt, 8925, 2647, 12286, 10742, 5963, 6796, 8927
datasets/iliad.txt, 8925, 10590, 8894, 8765, 9142, 8423, 22472
datasets/iliad.txt, 8925, 5295, 8149, 9251, 11083, 10956, 8927
datasets/iliad.txt, 8925, 5295, 9059, 7769, 7726, 6603, 10096
datasets/iliad.txt, 8925, 5295, 7984, 8798, 8988, 8055, 5983
datasets/iliad.txt, 8925, 10590, 8687, 8548, 11353, 9113, 10411
datasets/iliad.txt, 8925, 21181, 8894, 9301, 9955, 9984, 7893
datasets/iliad.txt, 8925, 10590, 7156, 8872, 7351, 9451, 8394
datasets/iliad.txt, 8925, 21181, 8894, 8081, 10280, 10977, 5455
datasets/iliad.txt, 8925, 21181, 9887, 7949, 10359, 10186, 8927
datasets/iliad.txt, 8925, 21181, 9266, 7200, 10760, 10860, 7196
datasets/iliad.txt, 8925, 10590, 8522, 10098, 8677, 8650, 8927
datasets/iliad.txt, 8925, 2647, 11045, 9859, 11672, 10180, 6978
datasets/iliad.txt, 8925, 21181, 10135, 6157, 12598, 11561, 7196
datasets/iliad.txt, 8925, 84725, 7612, 8336, 7034, 5843, 13318
datasets/iliad.txt, 8925, 2647, 9059, 6759, 9510, 9488, 9493
datasets/iliad.txt, 8925, 21181, 10135, 7627, 10625, 9109, 3888
datasets/iliad.txt, 8925, 42362, 9266, 9947, 10052, 10566, 11775
datasets/iliad.txt, 8925, 5295, 9059, 8364, 10721, 7383, 9206
datasets/iliad.txt, 8925, 21181, 6701, 8642, 6786, 7224, 4398
datasets/iliad.txt, 8925, 5295, 7984, 10531, 12075, 10127, 5130
datasets/iliad.txt, 8925, 5295, 9059, 11233, 8386, 6699, 5983
datasets/iliad.txt, 8925, 5295, 7322, 7216, 9120, 9280, 10737
datasets/iliad.txt, 8925, 5295, 9059, 8053, 7010, 6427, 6767
datasets/iliad.txt, 8925, 10590, 10797, 11956, 8344, 8875, 10411
datasets/iliad.txt, 8925, 21181, 10342, 9522, 9682, 8822, 7893
datasets/iliad.txt, 8925, 5295, 10342, 8745, 6001, 6879, 5626
datasets/iliad.txt, 8925, 10590, 10797, 8328, 10458, 10399, 7196
datasets/mare-balena.txt, 5670, 10590, 7156, 5547, 3795, 4841, 4135
datasets/mare-balena.txt, 5670, 2647, 5502, 4607, 4702, 5027, 3770
datasets/mare-balena.txt, 5670, 5295, 5626, 4959, 7517, 7640, 2037
datasets/mare-balena.txt, 5670, 2647, 6122, 3914, 6666, 5462, 4677
datasets/mare-balena.txt, 5670, 10590, 5295, 6033, 5284, 5631, 4135
datasets/mare-balena.txt, 5670, 2647, 5295, 4186, 5522, 5622, 6978
datasets/mare-balena.txt, 5670, 21181, 5295, 5008, 4780, 5694, 4010
datasets/mare-balena.txt, 5670, 10590, 4923, 7034, 6586, 6896, 4398
datasets/mare-balena.txt, 5670, 42362, 4509, 6218, 5688, 7526, 5130
datasets/mare-balena.txt, 5670, 10590, 4923, 4543, 4720, 4585, 2771
datasets/mare-balena.txt, 5670, 5295, 5750, 6353, 5443, 5083, 8139
datasets/mare-balena.txt, 5670, 5295, 6412, 5846, 8046, 6084, 8394
datasets/mare-balena.txt, 5670, 42362, 5998, 5259, 8429, 5847, 4677
datasets/mare-balena.txt, 5670, 5295, 5626, 5766, 6586, 5824, 3334
datasets/mare-balena.txt, 5670, 5295, 5998, 6970, 5092, 5127, 3334
datasets/mare-balena.txt, 5670, 5295, 5378, 8160, 9273, 6298, 4264
datasets/mare-balena.txt, 5670, 5295, 6701, 4846, 5425, 5896, 5455
datasets/mare-balena.txt, 5670, 1323, 6288, 5484, 5882, 6563, 7893
datasets/mare-balena.txt, 5670, 5295, 5047, 7492, 4520, 4490, 5290
datasets/mare-balena.txt, 5670, 5295, 6412, 5926, 8455, 6512, 6363
datasets/mare-balena.txt, 5670, 21181, 6122, 8081, 4691, 4493, 4823
datasets/mare-balena.txt, 5670, 10590, 6288, 6140, 5555, 5361, 6562
datasets/mare-balena.txt, 5670, 2647, 4840, 4426, 4773, 4329, 13734
datasets/mare-balena.txt, 5670, 5295, 5171, 4483, 4982, 4318, 10096
datasets/mare-balena.txt, 5670, 5295, 5378, 4751, 4668, 4240, 9206
datasets/mare-balena.txt, 5670, 2647, 6701, 4860, 4558, 4522, 7893
datasets/mare-balena.txt, 5670, 5295, 8687, 7254, 4209, 4780, 4135
datasets/mare-balena.txt, 5670, 10590, 6122, 4942, 6490, 6615, 4974
datasets/mare-balena.txt, 5670, 5295, 5874, 5116, 5040, 5176, 4677
datasets/mare-balena.txt, 5670, 5295, 5626, 4249, 5569, 4884, 4535
datasets/mare-balena.txt, 5670, 10590, 7156, 8235, 5731, 5451, 3545
datasets/mare-balena.txt, 5670, 42362, 5998, 5148, 4979, 4674, 3888
datasets/mare-balena.txt, 5670, 2647, 5047, 6389, 4487, 5289, 3656
datasets/mare-balena.txt, 5670, 5295, 5626, 4954, 6856, 4787, 7653
datasets/mare-balena.txt, 5670, 21181, 5295, 5077, 6324, 6195, 3770
datasets/mare-balena.txt, 5670, 5295, 6288, 5353, 6445, 5797, 2858
datasets/mare-balena.txt, 5670, 2647, 5998, 5665, 5728, 4776, 4823
datasets/mare-balena.txt, 5670, 10590, 4054, 4264, 5852, 4689, 13318
datasets/mare-balena.txt, 5670, 5295, 5750, 6745, 8166, 6280, 5802
datasets/mare-balena.txt, 5670, 5295, 5502, 5014, 5336, 6185, 3656
datasets/mare-balena.txt, 5670, 10590, 4633, 4334, 7684, 6100, 5983
datasets/mare-balena.txt, 5670, 5295, 5874, 7874, 5039, 6295, 6767
datasets/mare-balena.txt, 5670, 5295, 5502, 6100, 5402, 5671, 6767
datasets/mare-balena.txt, 5670, 5295, 6122, 4792, 5813, 5009, 3770
datasets/mare-balena.txt, 5670, 1323, 6826, 4655, 4874, 5947, 5455
datasets/mare-balena.txt, 5670, 21181, 7322, 8858, 5455, 4839, 7196
datasets/mare-balena.txt, 5670, 10590, 6288, 6966, 5440, 5888, 4135
datasets/mare-balena.txt, 5670, 10590, 4343, 4245, 5378, 4652, 4974
datasets/mare-balena.txt, 5670, 5295, 6701, 6629, 6446, 5781, 7653
datasets/mare-balena.txt, 5670, 10590, 7156, 6410, 5353, 5577, 10737
datasets/mare-balena.txt, 5670, 2647, 6412, 5201, 4289, 5149, 6767
datasets/mare-balena.txt, 5670, 5295, 5502, 4722, 4687, 4624, 5802
datasets/mare-balena.txt, 5670, 5295, 5998, 4677, 6578, 6396, 5455
datasets/mare-balena.txt, 5670, 21181, 5502, 7267, 6152, 7054, 3334
datasets/mare-balena.txt, 5670, 10590, 5998, 6940, 4576, 4053, 5455
datasets/mare-balena.txt, 5670, 5295, 5047, 4441, 6523, 5744, 4974
datasets/mare-balena.txt, 5670, 2647, 5998, 6666, 4619, 5575, 5290
datasets/mare-balena.txt, 5670, 5295, 5047, 4382, 4797, 5069, 4677
datasets/mare-balena.txt, 5670, 5295, 4923, 3971, 7771, 5966, 4974
datasets/mare-balena.txt, 5670, 2647, 4923, 6485, 4784, 4228, 4974
datasets/mare-balena.txt, 5670, 5295, 5874, 4026, 5148, 4824, 8927
datasets/mare-balena.txt, 5670, 2647, 6701, 7448, 5310, 5637, 7653
datasets/mare-balena.txt, 5670, 5295, 4840, 4894, 6603, 6784, 4974
datasets/mare-balena.txt, 5670, 2647, 6991, 6496, 5840, 5010, 5802
datasets/mare-balena.txt, 5670, 5295, 5502, 5023, 5147, 4925, 4135
datasets/mare-balena.txt, 5670, 5295, 5502, 5027, 5979, 4619, 4398
datasets/mare-balena.txt, 5670, 10590, 5502, 7317, 4454, 4628, 7653
datasets/mare-balena.txt, 5670, 21181, 6412, 6414, 5731, 5542, 4398
datasets/mare-balena.txt, 5670, 2647, 5378, 5162, 5139, 5544, 4535
datasets/mare-balena.txt, 5670, 10590, 4261, 4706, 6430, 6815, 5983
datasets/mare-balena.txt, 5670, 5295, 5750, 6674, 5904, 4689, 3888
datasets/mare-balena.txt, 5670, 5295, 5171, 6074, 4988, 5511, 3545
datasets/mare-balena.txt, 5670, 5295, 5171, 5832, 5301, 6348, 4398
datasets/mare-balena.txt, 5670, 10590, 5626, 5339, 5014, 6170, 4535
datasets/mare-balena.txt, 5670, 2647, 5502, 5160, 5707, 5896, 10411
datasets/mare-balena.txt, 5670, 2647, 5750, 6723, 7011, 5217, 6363
datasets/mare-balena.txt, 5670, 5295, 6412, 5343, 5662, 6059, 6767
datasets/mare-balena.txt, 5670, 10590, 5998, 6432, 3942, 4538, 9206
datasets/mare-balena.txt, 5670, 2647, 6288, 5547, 5036, 5631, 6767
datasets/mare-balena.txt, 5670, 2647, 5750, 6956, 5651, 6774, 14606
datasets/mare-balena.txt, 5670, 2647, 5295, 4840, 6596, 6741, 4823
datasets/mare-balena.txt, 5670, 5295, 5998, 8166, 5198, 5626, 5983
datasets/mare-balena.txt, 5670, 5295, 5171, 5698, 5154, 5673, 4677
datasets/mare-balena.txt, 5670, 5295, 4840, 4482, 4080, 5073, 4974
datasets/mare-balena.txt, 5670, 2647, 6536, 6299, 7305, 6705, 6363
datasets/mare-balena.txt, 5670, 2647, 3557, 5192, 4322, 4840, 5983
datasets/mare-balena.txt, 5670, 21181, 5171, 4638, 5779, 5242, 5626
datasets/mare-balena.txt, 5670, 10590, 7322, 5777, 5422, 5719, 3233
datasets/mare-balena.txt, 5670, 10590, 5047, 5823, 5753, 6464, 4264
datasets/mare-balena.txt, 5670, 5295, 6826, 6747, 5206, 6212, 3545
datasets/mare-balena.txt, 5670, 5295, 6826, 6341, 4886, 4659, 5626
datasets/mare-balena.txt, 5670, 21181, 6288, 4732, 6059, 5073, 4010
datasets/mare-balena.txt, 5670, 21181, 5874, 5581, 7098, 5560, 3233
datasets/mare-balena.txt, 5670, 10590, 6412, 6058, 6957, 5375, 4398
datasets/mare-balena.txt, 5670, 5295, 5750, 4896, 4842, 4893, 4823
datasets/mare-balena.txt, 5670, 10590, 5378, 5299, 5033, 5662, 6767
datasets/mare-balena.txt, 5670, 2647, 5874, 5276, 5176, 5724, 6562
datasets/mare-balena.txt, 5670, 1323, 5998, 6676, 4940, 5292, 3438
datasets/mare-balena.txt, 5670, 10590, 5171, 4734, 5831, 5761, 7893
datasets/mare-balena.txt, 5670, 2647, 5502, 4757, 6668, 4706, 10096
datasets/midsummer-nights-dream.txt, 3136, 2647, 2689, 3856, 3288, 3349, 2450
datasets/midsummer-nights-dream.txt, 3136, 1323, 3392, 2739, 4094, 2504, 4010
datasets/midsummer-nights-dream.txt, 3136, 2647, 2937, 2507, 3640, 2570, 2858
datasets/midsummer-nights-dream.txt, 3136, 5295, 3350, 2575, 3375, 2826, 2037
datasets/midsummer-nights-dream.txt, 3136, 1323, 2523, 3547, 3100, 3484, 3888
datasets/midsummer-nights-dream.txt, 3136, 5295, 3144, 2483, 2332, 2808, 4677
datasets/midsummer-nights-dream.txt, 3136, 661, 3061, 4155, 2810, 3326, 4823
datasets/midsummer-nights-dream.txt, 3136, 2647, 3888, 4051, 3126, 3079, 1746
datasets/midsummer-nights-dream.txt, 3136, 10590, 2440, 2536, 4829, 5001, 3656
datasets/midsummer-nights-dream.txt, 3136, 2647, 2689, 2542, 4634, 2481, 1915
datasets/midsummer-nights-dream.txt, 3136, 2647, 2730, 2888, 2430, 2700, 2450
datasets/midsummer-nights-dream.txt, 3136, 5295, 2689, 3645, 5274, 3444, 3233
datasets/midsummer-nights-dream.txt, 3136, 10590, 2978, 4239, 2644, 2759, 4535
datasets/midsummer-nights-dream.txt, 3136, 10590, 4054, 2996, 3433, 3160, 5455
datasets/midsummer-nights-dream.txt, 3136, 10590, 2689, 2754, 3289, 2912, 3334
datasets/midsummer-nights-dream.txt, 3136, 1323, 3144, 2577, 2864, 3002, 1746
datasets/midsummer-nights-dream.txt, 3136, 10590, 3640, 3224, 2702, 2488, 3233
datasets/midsummer-nights-dream.txt, 3136, 2647, 2730, 3437, 3504, 3037, 2771
datasets/midsummer-nights-dream.txt, 3136, 2647, 4136, 3248, 2912, 2444, 3039
datasets/midsummer-nights-dream.txt, 3136, 2647, 3061, 2941, 2931, 2847, 4135
datasets/midsummer-nights-dream.txt, 3136, 5295, 3144, 2763, 3200, 2828, 4264
datasets/midsummer-nights-dream.txt, 3136, 2647, 3640, 2964, 3227, 2825, 4264
datasets/midsummer-nights-dream.txt, 3136, 5295, 2730, 3934, 4151, 4127, 1975
datasets/midsummer-nights-dream.txt, 3136, 5295, 2689, 2704, 3081, 2826, 3135
datasets/midsummer-nights-dream.txt, 3136, 5295, 3061, 3007, 2953, 2856, 2527
datasets/midsummer-nights-dream.txt, 3136, 10590, 3350, 2443, 4062, 3513, 2687
datasets/midsummer-nights-dream.txt, 3136, 10590, 2937, 3279, 4163, 4079, 2234
datasets/midsummer-nights-dream.txt, 3136, 661, 3475, 3895, 2663, 2785, 2166
datasets/midsummer-nights-dream.txt, 3136, 1323, 2440, 2165, 2590, 2812, 1801
datasets/midsummer-nights-dream.txt, 3136, 2647, 3185, 4152, 2884, 2602, 1975
datasets/midsummer-nights-dream.txt, 3136, 5295, 2854, 2883, 3884, 2949, 1544
datasets/midsummer-nights-dream.txt, 3136, 2647, 2854, 2706, 3172, 2603, 2304
datasets/midsummer-nights-dream.txt, 3136, 5295, 2854, 2926, 3161, 3374, 3770
datasets/midsummer-nights-dream.txt, 3136, 5295, 2523, 2718, 2607, 2541, 3135
datasets/midsummer-nights-dream.txt, 3136, 661, 2689, 3198, 3001, 3209, 3135
datasets/midsummer-nights-dream.txt, 3136, 1323, 2854, 3560, 5100, 5321, 2037
datasets/midsummer-nights-dream.txt, 3136, 5295, 3392, 4175, 4119, 4740, 1452
datasets/midsummer-nights-dream.txt, 3136, 2647, 2854, 5536, 2818, 2762, 3039
datasets/midsummer-nights-dream.txt, 3136, 2647, 2564, 2716, 2778, 2539, 3135
datasets/midsummer-nights-dream.txt, 3136, 5295, 3268, 3556, 3051, 2918, 2771
datasets/midsummer-nights-dream.txt, 3136, 5295, 2978, 4266, 2652, 2094, 3039
datasets/midsummer-nights-dream.txt, 3136, 1323, 3350, 2304, 3043, 3158, 3135
datasets/midsummer-nights-dream.txt, 3136, 5295, 2813, 3892, 3193, 3336, 2234
datasets/midsummer-nights-dream.txt, 3136, 10590, 2978, 2441, 3312, 3473, 3039
datasets/midsummer-nights-dream.txt, 3136, 661, 2978, 2919, 2636, 2935, 2166
datasets/midsummer-nights-dream.txt, 3136, 10590, 2564, 3524, 3805, 4089, 3334
datasets/midsummer-nights-dream.txt, 3136, 1323, 2854, 1967, 3273, 3245, 4535
datasets/midsummer-nights-dream.txt, 3136, 5295, 2937, 3924, 3363, 3021, 2947
datasets/midsummer-nights-dream.txt, 3136, 5295, 2647, 3193, 4003, 4579, 2687
datasets/midsummer-nights-dream.txt, 3136, 2647, 3806, 4337, 4160, 2838, 2606
datasets/midsummer-nights-dream.txt, 3136, 1323, 3185, 4633, 2321, 2522, 3233
datasets/midsummer-nights-dream.txt, 3136, 2647, 2854, 3079, 2025, 2122, 1915
datasets/midsummer-nights-dream.txt, 3136, 661, 3888, 3698, 3023, 3262, 2101
datasets/midsummer-nights-dream.txt, 3136, 10590, 3268, 3441, 2947, 2468, 3438
datasets/midsummer-nights-dream.txt, 3136, 5295, 2647, 2755, 3557, 3240, 2376
datasets/midsummer-nights-dream.txt, 3136, 1323, 2813, 2327, 3220, 3923, 5802
datasets/midsummer-nights-dream.txt, 3136, 1323, 2358, 2515, 2854, 3021, 5290
datasets/midsummer-nights-dream.txt, 3136, 1323, 2937, 2832, 3143, 3522, 1452
datasets/midsummer-nights-dream.txt, 3136, 2647, 2689, 3726, 2688, 2790, 3770
datasets/midsummer-nights-dream.txt, 3136, 10590, 2854, 2663, 3444, 2963, 3135
datasets/midsummer-nights-dream.txt, 3136, 10590, 2813, 3027, 3919, 3783, 2947
datasets/midsummer-nights-dream.txt, 3136, 1323, 3640, 3580, 3454, 2978, 3135
datasets/midsummer-nights-dream.txt, 3136, 2647, 3392, 2756, 3175, 2923, 4535
datasets/midsummer-nights-dream.txt, 3136, 661, 2647, 2320, 2142, 2807, 2687
datasets/midsummer-nights-dream.txt, 3136, 5295, 3806, 2985, 3058, 3798, 3438
datasets/midsummer-nights-dream.txt, 3136, 1323, 2978, 3045, 2462, 2638, 2234
datasets/midsummer-nights-dream.txt, 3136, 2647, 3144, 2695, 2719, 3084, 1746
datasets/midsummer-nights-dream.txt, 3136, 5295, 3392, 3243, 2307, 3052, 3039
datasets/midsummer-nights-dream.txt, 3136, 1323, 3557, 3321, 3935, 3332, 2687
datasets/midsummer-nights-dream.txt, 3136, 2647, 3061, 3431, 2706, 2411, 3888
datasets/midsummer-nights-dream.txt, 3136, 2647, 3723, 2952, 3215, 3233, 3656
datasets/midsummer-nights-dream.txt, 3136, 2647, 2937, 2805, 4865, 5096, 2947
datasets/midsummer-nights-dream.txt, 3136, 2647, 3144, 3700, 2812, 3039, 5290
datasets/midsummer-nights-dream.txt, 3136, 2647, 2937, 2309, 4687, 3123, 3334
datasets/midsummer-nights-dream.txt, 3136, 5295, 3185, 3167, 2834, 2677, 5983
datasets/midsummer-nights-dream.txt, 3136, 21181, 3557, 3408, 2957, 3497, 2450
datasets/midsummer-nights-dream.txt, 3136, 5295, 2151, 3173, 3309, 2690, 4010
datasets/midsummer-nights-dream.txt, 3136, 1323, 2647, 2254, 2688, 2767, 3888
datasets/midsummer-nights-dream.txt, 3136, 5295, 3350, 3618, 3128, 2591, 2771
datasets/midsummer-nights-dream.txt, 3136, 1323, 3640, 2980, 2865, 3179, 2771
datasets/midsummer-nights-dream.txt, 3136, 10590, 3144, 3124, 2726, 3406, 2376
datasets/midsummer-nights-dream.txt, 3136, 1323, 2689, 2755, 3456, 2485, 2234
datasets/midsummer-nights-dream.txt, 3136, 5295, 3723, 5855, 2883, 3279, 4010
datasets/midsummer-nights-dream.txt, 3136, 5295, 3557, 3181, 2924, 2630, 3770
datasets/midsummer-nights-dream.txt, 3136, 5295, 3144, 3223, 3075, 3664, 4398
datasets/midsummer-nights-dream.txt, 3136, 2647, 3350, 3688, 3310, 4124, 1746
datasets/midsummer-nights-dream.txt, 3136, 1323, 3557, 3291, 2811, 3025, 2858
datasets/midsummer-nights-dream.txt, 3136, 5295, 3350, 2868, 3248, 3530, 3039
datasets/midsummer-nights-dream.txt, 3136, 2647, 3392, 2197, 3369, 4314, 2166
datasets/midsummer-nights-dream.txt, 3136, 5295, 2730, 3459, 4647, 3310, 2687
datasets/midsummer-nights-dream.txt, 3136, 5295, 4343, 3658, 3059, 3168, 2101
datasets/midsummer-nights-dream.txt, 3136, 1323, 2937, 2676, 2611, 3157, 2947
datasets/midsummer-nights-dream.txt, 3136, 5295, 3144, 3831, 3402, 3740, 2450
datasets/midsummer-nights-dream.txt, 3136, 2647, 3392, 3150, 4065, 3553, 3438
datasets/midsummer-nights-dream.txt, 3136, 1323, 3557, 2410, 2301, 3188, 2376
datasets/midsummer-nights-dream.txt, 3136, 5295, 3350, 3402, 3283, 2680, 2527
datasets/midsummer-nights-dream.txt, 3136, 5295, 3557, 2775, 3130, 4619, 3334
datasets/midsummer-nights-dream.txt, 3136, 5295, 3185, 2714, 3121, 3489, 3039
datasets/midsummer-nights-dream.txt, 3136, 5295, 2647, 3521, 2937, 2556, 4264
datasets/midsummer-nights-dream.txt, 3136, 2647, 3144, 2361, 2409, 2338, 3888
datasets/quijote.txt, 23034, 21181, 21636, 16598, 29108, 30338, 30570
datasets/quijote.txt, 23034, 21181, 18988, 23409, 26192, 26967, 19267
datasets/quijote.txt, 23034, 84725, 23084, 22872, 23633, 21924, 15533
datasets/quijote.txt, 23034, 42362, 19816, 19786, 17714, 19971, 28745
datasets/quijote.txt, 23034, 21181, 25732, 19620, 23850, 15053, 23174
datasets/quijote.txt, 23034, 5295, 25732, 24605, 27191, 24956, 11775
datasets/quijote.txt, 23034, 5295, 22091, 26659, 21664, 21395, 18683
datasets/quijote.txt, 23034, 5295, 22587, 18100, 21456, 22652, 36769
datasets/quijote.txt, 23034, 42362, 28048, 21358, 21091, 22333, 18117
datasets/quijote.txt, 23034, 10590, 25732, 27450, 22411, 26178, 17568
datasets/quijote.txt, 23034, 169450, 28669, 30422, 18921, 17546, 19267
datasets/quijote.txt, 23034, 42362, 21181, 19489, 16833, 24892, 14606
datasets/quijote.txt, 23034, 42362, 28669, 21031, 24024, 20287, 19869
datasets/quijote.txt, 23034, 42362, 31275, 23647, 23133, 24909, 15063
datasets/quijote.txt, 23034, 21181, 23084, 23422, 19290, 18680, 21131
datasets/quijote.txt, 23034, 21181, 22091, 25266, 26819, 31473, 18683
datasets/quijote.txt, 23034, 21181, 20726, 29161, 26232, 30251, 30570
datasets/quijote.txt, 23034, 42362, 20726, 20975, 25500, 27908, 11072
datasets/quijote.txt, 23034, 10590, 23580, 16563, 22108, 23598, 18683
datasets/quijote.txt, 23034, 21181, 26269, 22839, 16867, 24974, 15533
datasets/quijote.txt, 23034, 5295, 21636, 21456, 34414, 29781, 34574
datasets/quijote.txt, 23034, 42362, 26849, 23719, 25563, 19867, 34574
datasets/quijote.txt, 23034, 21181, 25732, 22928, 18046, 18983, 29643
datasets/quijote.txt, 23034, 21181, 20726, 27321, 21837, 24920, 14606
datasets/quijote.txt, 23034, 21181, 19402, 21980, 15696, 16717, 12914
datasets/quijote.txt, 23034, 84725, 29289, 26145, 21179, 24887, 27874
datasets/quijote.txt, 23034, 10590, 20271, 36425, 20459, 21453, 14163
datasets/quijote.txt, 23034, 42362, 23580, 26697, 17576, 19610, 68040
datasets/quijote.txt, 23034, 21181, 21636, 27571, 18563, 17046, 32510
datasets/quijote.txt, 23034, 10590, 24118, 31561, 22473, 21689, 28745
datasets/quijote.txt, 23034, 21181, 27428, 24913, 24647, 20381, 17568
datasets/quijote.txt, 23034, 10590, 21181, 15791, 23556, 20338, 16019
datasets/quijote.txt, 23034, 84725, 27428, 27460, 19533, 21466, 23174
datasets/quijote.txt, 23034, 42362, 26849, 29418, 18844, 18298, 19267
datasets/quijote.txt, 23034, 21181, 20726, 26433, 17288, 22829, 22472
datasets/quijote.txt, 23034, 10590, 25732, 21960, 26150, 29012, 41585
datasets/quijote.txt, 23034, 84725, 21181, 28021, 24545, 27256, 12523
datasets/quijote.txt, 23034, 42362, 19816, 28521, 20576, 20771, 35655
datasets/quijote.txt, 23034, 21181, 21636, 21067, 25461, 26485, 26210
datasets/quijote.txt, 23034, 42362, 24615, 39142, 27282, 26635, 23174
datasets/quijote.txt, 23034, 21181, 24615, 24986, 32415, 33430, 31525
datasets/quijote.txt, 23034, 42362, 17789, 25693, 21229, 23648, 18117
datasets/quijote.txt, 23034, 21181, 25152, 20687, 19025, 20996, 29643
datasets/quijote.txt, 23034, 42362, 19816, 22294, 15877, 18502, 24646
datasets/quijote.txt, 23034, 21181, 21181, 18235, 18808, 20443, 15063
datasets/quijote.txt, 23034, 10590, 19816, 23198, 25016, 24260, 17568
datasets/quijote.txt, 23034, 169450, 29289, 20376, 23630, 29916, 12914
datasets/quijote.txt, 23034, 21181, 18988, 20696, 19276, 24302, 9206
datasets/quijote.txt, 23034, 21181, 23084, 22305, 19874, 22844, 20490
datasets/quijote.txt, 23034, 42362, 28669, 32847, 20861, 22094, 13318
datasets/quijote.txt, 23034, 10590, 22587, 23041, 22855, 21142, 26210
datasets/quijote.txt, 23034, 169450, 19402, 22194, 20747, 21538, 63979
datasets/quijote.txt, 23034, 10590, 26269, 20587, 22229, 22753, 14163
datasets/quijote.txt, 23034, 42362, 22587, 17880, 22600, 24196, 15063
datasets/quijote.txt, 23034, 42362, 25152, 19669, 27504, 18896, 18117
datasets/quijote.txt, 23034, 21181, 26849, 26337, 21769, 20522, 15063
datasets/quijote.txt, 23034, 5295, 23084, 23334, 25393, 20846, 18683
datasets/quijote.txt, 23034, 21181, 25732, 27571, 22098, 23534, 22472
datasets/quijote.txt, 23034, 10590, 25152, 23364, 18516, 15317, 27029
datasets/quijote.txt, 23034, 169450, 33344, 26766, 29830, 25528, 16019
datasets/quijote.txt, 23034, 10590, 23580, 25378, 22348, 19905, 24646
datasets/quijote.txt, 23034, 21181, 18988, 18415, 19074, 18949, 18683
datasets/quijote.txt, 23034, 42362, 30572, 18228, 18431, 17835, 10737
datasets/quijote.txt, 23034, 10590, 19816, 20784, 26932, 27611, 42885
datasets/quijote.txt, 23034, 84725, 23580, 23974, 25314, 22271, 31525
datasets/quijote.txt, 23034, 21181, 14313, 16354, 14517, 15646, 19267
datasets/quijote.txt, 23034, 10590, 21636, 20569, 15601, 16644, 18683
datasets/quijote.txt, 23034, 10590, 23580, 19752, 21300, 21836, 13734
datasets/quijote.txt, 23034, 21181, 28669, 28591, 24506, 25230, 20490
datasets/quijote.txt, 23034, 42362, 25732, 22640, 21384, 23304, 19267
datasets/quijote.txt, 23034, 21181, 21636, 21407, 24080, 24651, 17036
datasets/quijote.txt, 23034, 10590, 26849, 24361, 21385, 20542, 19267
datasets/quijote.txt, 23034, 10590, 25732, 27612, 27399, 23526, 17036
datasets/quijote.txt, 23034, 84725, 22091, 20965, 22361, 25604, 25416
datasets/quijote.txt, 23034, 10590, 28669, 27792, 20791, 23087, 14606
datasets/quijote.txt, 23034, 84725, 23580, 28262, 26151, 27223, 11072
datasets/quijote.txt, 23034, 10590, 23084, 23291, 16561, 16500, 20490
datasets/quijote.txt, 23034, 42362, 24118, 20895, 20699, 19415, 21131
datasets/quijote.txt, 23034, 21181, 21181, 22016, 20968, 29604, 16519
datasets/quijote.txt, 23034, 42362, 28669, 23041, 25504, 20472, 50018
datasets/quijote.txt, 23034, 5295, 21181, 15285, 27230, 23486, 29643
datasets/quijote.txt, 23034, 84725, 19816, 31583, 21617, 19005, 27029
datasets/quijote.txt, 23034, 21181, 23084, 19296, 28273, 26560, 33526
datasets/quijote.txt, 23034, 10590, 30572, 31012, 23738, 27652, 12143
datasets/quijote.txt, 23034, 21181, 18988, 24298, 22038, 20819, 34574
datasets/quijote.txt, 23034, 21181, 18575, 16441, 32596, 28981, 24646
datasets/quijote.txt, 23034, 21181, 20726, 17015, 20753, 23606, 25416
datasets/quijote.txt, 23034, 5295, 25732, 19170, 15971, 15127, 15533
datasets/quijote.txt, 23034, 21181, 22587, 31382, 20427, 21843, 29643
datasets/quijote.txt, 23034, 21181, 19402, 23816, 23962, 22918, 14163
datasets/quijote.txt, 23034, 42362, 25152, 23131, 15009, 18144, 14606
datasets/quijote.txt, 23034, 42362, 25732, 18845, 20642, 22605, 12143
datasets/quijote.txt, 23034, 10590, 21636, 18665, 21779, 25203, 18117
datasets/quijote.txt, 23034, 21181, 22587, 27767, 30978, 27181, 23174
datasets/quijote.txt, 23034, 42362, 24118, 22640, 25099, 30962, 17036
datasets/quijote.txt, 23034, 21181, 18988, 30823, 22616, 21660, 11775
datasets/quijote.txt, 23034, 84725, 24118, 19761, 17350, 20682, 26210
datasets/quijote.txt, 23034, 10590, 16672, 20853, 19282, 18580, 19267
datasets/quijote.txt, 23034, 42362, 19816, 25665, 17262, 18994, 11419
datasets/quijote.txt, 23034, 21181, 18161, 17737, 22802, 24229, 24646
datasets/valley-fear.txt, 5829, 2647, 7322, 5200, 5733, 5371, 2858
datasets/valley-fear.txt, 5829, 21181, 4054, 6747, 5983, 5468, 4677
datasets/valley-fear.txt, 5829, 5295, 5874, 5649, 6578, 5435, 17036
datasets/valley-fear.txt, 5829, 10590, 4716, 5169, 4832, 5068, 6170
datasets/valley-fear.txt, 5829, 5295, 5626, 6796, 8456, 5992, 4823
datasets/valley-fear.txt, 5829, 1323, 5171, 6874, 6341, 5331, 3888
datasets/valley-fear.txt, 5829, 42362, 5874, 6140, 4332, 4593, 7196
datasets/valley-fear.txt, 5829, 5295, 6288, 10478, 5607, 6161, 8927
datasets/valley-fear.txt, 5829, 10590, 6412, 6767, 5594, 5462, 2858
datasets/valley-fear.txt, 5829, 2647, 4923, 5227, 5764, 6420, 3656
datasets/valley-fear.txt, 5829, 10590, 7322, 9460, 6563, 6129, 5130
datasets/valley-fear.txt, 5829, 2647, 5998, 5014, 4943, 5614, 5626
datasets/valley-fear.txt, 5829, 2647, 5047, 6002, 4184, 4908, 4677
datasets/valley-fear.txt, 5829, 21181, 4426, 3909, 6768, 6574, 9493
datasets/valley-fear.txt, 5829, 10590, 6412, 6239, 4954, 5946, 3334
datasets/valley-fear.txt, 5829, 2647, 7818, 5200, 4938, 4463, 3233
datasets/valley-fear.txt, 5829, 5295, 5750, 5894, 6590, 6526, 4677
datasets/valley-fear.txt, 5829, 10590, 6288, 6417, 4839, 4687, 3545
datasets/valley-fear.txt, 5829, 1323, 4923, 5207, 6709, 6786, 2166
datasets/valley-fear.txt, 5829, 10590, 5378, 5383, 5627, 4371, 5290
datasets/valley-fear.txt, 5829, 5295, 4923, 4971, 4362, 3973, 2450
datasets/valley-fear.txt, 5829, 2647, 5295, 4071, 4865, 5414, 4264
datasets/valley-fear.txt, 5829, 21181, 6412, 9064, 5192, 4691, 6170
datasets/valley-fear.txt, 5829, 5295, 6991, 5332, 5035, 5483, 5626
datasets/valley-fear.txt, 5829, 1323, 6288, 5364, 6049, 6305, 4264
datasets/valley-fear.txt, 5829, 10590, 5502, 5616, 5964, 5593, 3135
datasets/valley-fear.txt, 5829, 5295, 6412, 5484, 6039, 5801, 7653
datasets/valley-fear.txt, 5829, 5295, 5502, 3826, 9402, 6950, 7421
datasets/valley-fear.txt, 5829, 10590, 5626, 4330, 5714, 6537, 4264
datasets/valley-fear.txt, 5829, 5295, 6536, 5084, 6165, 6314, 4535
datasets/valley-fear.txt, 5829, 10590, 7487, 5794, 5375, 4910, 9206
datasets/valley-fear.txt, 5829, 2647, 5998, 4402, 5045, 5215, 3656
datasets/valley-fear.txt, 5829, 2647, 6536, 5466, 5371, 5647, 8139
datasets/valley-fear.txt, 5829, 21181, 5171, 7598, 4942, 4610, 11419
datasets/valley-fear.txt, 5829, 5295, 5378, 4200, 6274, 5844, 7893
datasets/valley-fear.txt, 5829, 5295, 5047, 4382, 7124, 8151, 4010
datasets/valley-fear.txt, 5829, 5295, 7487, 6246, 6201, 6031, 3039
datasets/valley-fear.txt, 5829, 5295, 6412, 5048, 5624, 5649, 4823
datasets/valley-fear.txt, 5829, 2647, 7322, 6355, 8796, 6417, 4823
datasets/valley-fear.txt, 5829, 2647, 7322, 6489, 7618, 6372, 14606
datasets/valley-fear.txt, 5829, 1323, 6288, 5530, 5990, 5813, 4135
datasets/valley-fear.txt, 5829, 10590, 6122, 7035, 6007, 6114, 5983
datasets/valley-fear.txt, 5829, 5295, 5750, 4456, 5525, 5543, 11419
datasets/valley-fear.txt, 5829, 5295, 5378, 5482, 5677, 4651, 4264
datasets/valley-fear.txt, 5829, 5295, 5378, 6365, 5201, 5332, 9206
datasets/valley-fear.txt, 5829, 5295, 6288, 6720, 5591, 5727, 7196
datasets/valley-fear.txt, 5829, 1323, 5295, 5408, 8786, 5901, 5802
datasets/valley-fear.txt, 5829, 2647, 5998, 5367, 5317, 4611, 7196
datasets/valley-fear.txt, 5829, 5295, 4923, 5917, 6321, 6924, 5290
datasets/valley-fear.txt, 5829, 2647, 6288, 7078, 5458, 6445, 9206
datasets/valley-fear.txt, 5829, 5295, 6826, 6077, 6129, 5676, 5802
datasets/valley-fear.txt, 5829, 10590, 7156, 5600, 6420, 6514, 4535
datasets/valley-fear.txt, 5829, 10590, 5626, 7417, 3962, 4661, 3770
datasets/valley-fear.txt, 5829, 5295, 6412, 4929, 6598, 5299, 9790
datasets/valley-fear.txt, 5829, 5295, 6288, 5055, 5011, 5505, 5802
datasets/valley-fear.txt, 5829, 5295, 5502, 6874, 5532, 5101, 8394
datasets/valley-fear.txt, 5829, 2647, 5047, 5018, 4881, 4354, 5983
datasets/valley-fear.txt, 5829, 10590, 3806, 6293, 5735, 5295, 4974
datasets/valley-fear.txt, 5829, 5295, 5378, 5433, 4655, 5278, 7196
datasets/valley-fear.txt, 5829, 1323, 7322, 5977, 5900, 6209, 3656
datasets/valley-fear.txt, 5829, 5295, 5295, 6746, 6843, 6015, 3888
datasets/valley-fear.txt, 5829, 5295, 5998, 5653, 5127, 5774, 12914
datasets/valley-fear.txt, 5829, 1323, 4923, 5131, 5595, 4699, 5130
datasets/valley-fear.txt, 5829, 10590, 5502, 4783, 6174, 7299, 6170
datasets/valley-fear.txt, 5829, 10590, 5047, 4640, 7534, 7859, 3656
datasets/valley-fear.txt, 5829, 5295, 6122, 5686, 5700, 6553, 8394
datasets/valley-fear.txt, 5829, 10590, 4509, 4934, 5234, 5588, 4535
datasets/valley-fear.txt, 5829, 5295, 5502, 7290, 6171, 5428, 4264
datasets/valley-fear.txt, 5829, 2647, 5874, 5817, 5361, 5646, 4010
datasets/valley-fear.txt, 5829, 5295, 5874, 5344, 5636, 4444, 5130
datasets/valley-fear.txt, 5829, 5295, 4840, 4206, 5264, 4190, 5130
datasets/valley-fear.txt, 5829, 5295, 6701, 4655, 4824, 6467, 4974
datasets/valley-fear.txt, 5829, 21181, 5295, 8264, 5134, 6343, 4398
datasets/valley-fear.txt, 5829, 5295, 5171, 4666, 4865, 5376, 8139
datasets/valley-fear.txt, 5829, 5295, 5750, 3918, 7265, 6346, 9206
datasets/valley-fear.txt, 5829, 2647, 5295, 6187, 6482, 5308, 5455
datasets/valley-fear.txt, 5829, 10590, 5295, 4446, 6536, 5376, 6767
datasets/valley-fear.txt, 5829, 5295, 5378, 6205, 5771, 4387, 11419
datasets/valley-fear.txt, 5829, 1323, 6122, 4532, 5885, 5310, 2858
datasets/valley-fear.txt, 5829, 5295, 6288, 5373, 5431, 5860, 5290
datasets/valley-fear.txt, 5829, 5295, 5047, 5432, 5936, 4805, 4264
datasets/valley-fear.txt, 5829, 5295, 5502, 6659, 6304, 4796, 3039
datasets/valley-fear.txt, 5829, 21181, 4923, 4121, 6960, 6331, 6767
datasets/valley-fear.txt, 5829, 10590, 5874, 8412, 5094, 4859, 10411
datasets/valley-fear.txt, 5829, 2647, 5750, 5182, 3879, 3906, 6562
datasets/valley-fear.txt, 5829, 5295, 5998, 5978, 6348, 4929, 4264
datasets/valley-fear.txt, 5829, 5295, 4840, 5014, 5161, 5882, 7653
datasets/valley-fear.txt, 5829, 5295, 4716, 4751, 5409, 4946, 7893
datasets/valley-fear.txt, 5829, 2647, 6288, 4745, 4655, 4180, 6767
datasets/valley-fear.txt, 5829, 10590, 6288, 7272, 6877, 7267, 7196
datasets/valley-fear.txt, 5829, 1323, 6288, 6071, 5871, 5479, 5983
datasets/valley-fear.txt, 5829, 10590, 4136, 5280, 5133, 4837, 8394
datasets/valley-fear.txt, 5829, 5295, 5626, 4864, 8411, 8447, 2606
datasets/valley-fear.txt, 5829, 2647, 6288, 7091, 5897, 7207, 2771
datasets/valley-fear.txt, 5829, 5295, 5626, 6180, 5294, 4452, 4264
datasets/valley-fear.txt, 5829, 21181, 4136, 5899, 7390, 8300, 3438
datasets/valley-fear.txt, 5829, 10590, 6536, 6009, 4715, 4646, 5626
datasets/valley-fear.txt, 5829, 5295, 5626, 5136, 5324, 5373, 2947
datasets/valley-fear.txt, 5829, 5295, 5626, 5621, 5393, 4846, 6562
datasets/valley-fear.txt, 5829, 2647, 5378, 5201, 7427, 6964, 5290
datasets/war-peace.txt, 17475, 10590, 15265, 15501, 21854, 16808, 21791
datasets/war-peace.txt, 17475, 21181, 18161, 17071, 14063, 14663, 8927
datasets/war-peace.txt, 17475, 42362, 16672, 19505, 19545, 15380, 22472
datasets/war-peace.txt, 17475, 21181, 16299, 17825, 20250, 18748, 15063
datasets/war-peace.txt, 17475, 5295, 15968, 21105, 15649, 14900, 22472
datasets/war-peace.txt, 17475, 21181, 17416, 18495, 15984, 13746, 16519
datasets/war-peace.txt, 17475, 10590, 14644, 13198, 14424, 21134, 30570
datasets/war-peace.txt, 17475, 10590, 14644, 12843, 13670, 16900, 12914
datasets/war-peace.txt, 17475, 21181, 16299, 19004, 25953, 22280, 10096
datasets/war-peace.txt, 17475, 21181, 17789, 13364, 16155, 17089, 12914
datasets/war-peace.txt, 17475, 10590, 20726, 16831, 14372, 16800, 21791
datasets/war-peace.txt, 17475, 21181, 19402, 13937, 26617, 19812, 16519
datasets/war-peace.txt, 17475, 10590, 14644, 12864, 12439, 9796, 28745
datasets/war-peace.txt, 17475, 10590, 18988, 18680, 14394, 12802, 8394
datasets/war-peace.txt, 17475, 2647, 16299, 13273, 13582, 15109, 27874
datasets/war-peace.txt, 17475, 42362, 17416, 15416, 15199, 19339, 24646
datasets/war-peace.txt, 17475, 21181, 19402, 22105, 21161, 20110, 25416
datasets/war-peace.txt, 17475, 42362, 15637, 16910, 16116, 15367, 19869
datasets/war-peace.txt, 17475, 42362, 18988, 23271, 17348, 13683, 15533
datasets/war-peace.txt, 17475, 21181, 18161, 25093, 13211, 17492, 23174
datasets/war-peace.txt, 17475, 21181, 16299, 14341, 14939, 13572, 18117
datasets/war-peace.txt, 17475, 10590, 19402, 18853, 17196, 13158, 16519
datasets/war-peace.txt, 17475, 42362, 21181, 16525, 16429, 16874, 13734
datasets/war-peace.txt, 17475, 10590, 17044, 14392, 16976, 18464, 22472
datasets/war-peace.txt, 17475, 21181, 17789, 22574, 13046, 12474, 36769
datasets/war-peace.txt, 17475, 5295, 18161, 20416, 19848, 21169, 9493
datasets/war-peace.txt, 17475, 21181, 17416, 18242, 16576, 12632, 11775
datasets/war-peace.txt, 17475, 42362, 18161, 17033, 18268, 18758, 27029
datasets/war-peace.txt, 17475, 10590, 15968, 14328, 17254, 20527, 19869
datasets/war-peace.txt, 17475, 21181, 18575, 16874, 19189, 21120, 18683
datasets/war-peace.txt, 17475, 21181, 17416, 11929, 13308, 15107, 8927
datasets/war-peace.txt, 17475, 10590, 22587, 17873, 12942, 13127, 15533
datasets/war-peace.txt, 17475, 84725, 17789, 15607, 16752, 18242, 11072
datasets/war-peace.txt, 17475, 21181, 20271, 23564, 24901, 29585, 35655
datasets/war-peace.txt, 17475, 10590, 16299, 16996, 17216, 19167, 16019
datasets/war-peace.txt, 17475, 21181, 17789, 15044, 16900, 22041, 21131
datasets/war-peace.txt, 17475, 21181, 15968, 14914, 19256, 13606, 19869
datasets/war-peace.txt, 17475, 42362, 14975, 15396, 15069, 14017, 15533
datasets/war-peace.txt, 17475, 10590, 18161, 23767, 15469, 16756, 26210
datasets/war-peace.txt, 17475, 42362, 14644, 15791, 14560, 18201, 20490
datasets/war-peace.txt, 17475, 10590, 18161, 20807, 20144, 17408, 19267
datasets/war-peace.txt, 17475, 21181, 16672, 12978, 17863, 18010, 15063
datasets/war-peace.txt, 17475, 10590, 14024, 14797, 14765, 16682, 13318
datasets/war-peace.txt, 17475, 5295, 15637, 15885, 22632, 16187, 12914
datasets/war-peace.txt, 17475, 5295, 20271, 16604, 16947, 17467, 18117
datasets/war-peace.txt, 17475, 21181, 17044, 18770, 15759, 14802, 12523
datasets/war-peace.txt, 17475, 10590, 17044, 13625, 15733, 14410, 14606
datasets/war-peace.txt, 17475, 42362, 14644, 14472, 23069, 20787, 28745
datasets/war-peace.txt, 17475, 21181, 17416, 19360, 18618, 16425, 14163
datasets/war-peace.txt, 17475, 21181, 17044, 16801, 26069, 19684, 29643
datasets/war-peace.txt, 17475, 21181, 18988, 20474, 22785, 22002, 30570
datasets/war-peace.txt, 17475, 21181, 15968, 13487, 18370, 15502, 20490
datasets/war-peace.txt, 17475, 42362, 17044, 15478, 18342, 18622, 11775
datasets/war-peace.txt, 17475, 10590, 16299, 15931, 11771, 14034, 15533
datasets/war-peace.txt, 17475, 21181, 16299, 19233, 18823, 15913, 12523
datasets/war-peace.txt, 17475, 10590, 20271, 20533, 16175, 16973, 17036
datasets/war-peace.txt, 17475, 5295, 19402, 14991, 18790, 17572, 13734
datasets/war-peace.txt, 17475, 21181, 22587, 18413, 19268, 15829, 20490
datasets/war-peace.txt, 17475, 21181, 18988, 15904, 21499, 19338, 18117
datasets/war-peace.txt, 17475, 84725, 21636, 13818, 18278, 21205, 18683
datasets/war-peace.txt, 17475, 10590, 18988, 25283, 18731, 15254, 9493
datasets/war-peace.txt, 17475, 10590, 15968, 18668, 12699, 14471, 16519
datasets/war-peace.txt, 17475, 42362, 16299, 13688, 16370, 15947, 15063
datasets/war-peace.txt, 17475, 10590, 14313, 14640, 17963, 17968, 24646
datasets/war-peace.txt, 17475, 42362, 22091, 22231, 21136, 20991, 23174
datasets/war-peace.txt, 17475, 84725, 21181, 18495, 19822, 16427, 27874
datasets/war-peace.txt, 17475, 42362, 18988, 15478, 16990, 19004, 11775
datasets/war-peace.txt, 17475, 10590, 20726, 20425, 20796, 17468, 15063
datasets/war-peace.txt, 17475, 84725, 18988, 15638, 15063, 17494, 13734
datasets/war-peace.txt, 17475, 42362, 18988, 12864, 16857, 17515, 16519
datasets/war-peace.txt, 17475, 21181, 22091, 25644, 16227, 21961, 15533
datasets/war-peace.txt, 17475, 42362, 16672, 12407, 19114, 21097, 37918
datasets/war-peace.txt, 17475, 21181, 20271, 18822, 15215, 13835, 16019
datasets/war-peace.txt, 17475, 169450, 16299, 21150, 18228, 16349, 13318
datasets/war-peace.txt, 17475, 5295, 19816, 18983, 18252, 15502, 8656
datasets/war-peace.txt, 17475, 84725, 15968, 16510, 13501, 14224, 19267
datasets/war-peace.txt, 17475, 42362, 17789, 19376, 14599, 16505, 10737
datasets/war-peace.txt, 17475, 42362, 20271, 18224, 18717, 16569, 15533
datasets/war-peace.txt, 17475, 42362, 21181, 29641, 21141, 24581, 24646
datasets/war-peace.txt, 17475, 5295, 22091, 18596, 20817, 25405, 15533
datasets/war-peace.txt, 17475, 5295, 19816, 13737, 16688, 16997, 8394
datasets/war-peace.txt, 17475, 10590, 14644, 21377, 13785, 15342, 16519
datasets/war-peace.txt, 17475, 42362, 17789, 13417, 15055, 12747, 23174
datasets/war-peace.txt, 17475, 10590, 16672, 13589, 18152, 19060, 21791
datasets/war-peace.txt, 17475, 42362, 14313, 13058, 20740, 16387, 34574
datasets/war-peace.txt, 17475, 42362, 20726, 17838, 18443, 19230, 20490
datasets/war-peace.txt, 17475, 10590, 19816, 16275, 17119, 19795, 32510
datasets/war-peace.txt, 17475, 10590, 20726, 16464, 13064, 12769, 22472
datasets/war-peace.txt, 17475, 5295, 20271, 18119, 18204, 17201, 12143
datasets/war-peace.txt, 17475, 10590, 15637, 16753, 16783, 17298, 19869
datasets/war-peace.txt, 17475, 21181, 15637, 17531, 16118, 14133, 14163
datasets/war-peace.txt, 17475, 21181, 16299, 18921, 15498, 13860, 16519
datasets/war-peace.txt, 17475, 84725, 18575, 22455, 15812, 14335, 13318
datasets/war-peace.txt, 17475, 10590, 15968, 13138, 17574, 14128, 22472
datasets/war-peace.txt, 17475, 21181, 18988, 19328, 20023, 15612, 15063
datasets/war-peace.txt, 17475, 5295, 16672, 17492, 19236, 22286, 23174
datasets/war-peace.txt, 17475, 10590, 17416, 16941, 16291, 15119, 37918
datasets/war-peace.txt, 17475, 10590, 15637, 22509, 20993, 21726, 7196
datasets/war-peace.txt, 17475, 42362, 14313, 15643, 16302, 19457, 10411
datasets/war-peace.txt, 17475, 10590, 20726, 17440, 15517, 13236, 30570
